{"cameraMode":{"drawMode":0,"name":"Shaded","section":"Shading Mode"},"sceneLighting":true,"audioPlay":false,"sceneViewState":{"m_AlwaysRefresh":false,"showFog":true,"showSkybox":true,"showFlares":true,"showImageEffects":true,"showParticleSystems":true,"showVisualEffectGraphs":true,"m_FxEnabled":true},"in2DMode":false,"pivot":{"x":-21.0079345703125,"y":-10.769251823425293,"z":-12.282970428466797},"rotation":{"x":0.22224165499210359,"y":-0.18540063500404359,"z":0.04299220070242882,"w":0.9563707113265991},"size":23.133098602294923,"orthographic":false}