{"cameraMode":{"drawMode":0,"name":"Shaded","section":"Shading Mode"},"sceneLighting":false,"audioPlay":false,"sceneViewState":{"m_AlwaysRefresh":false,"showFog":true,"showSkybox":false,"showFlares":true,"showImageEffects":true,"showParticleSystems":true,"showVisualEffectGraphs":true,"m_FxEnabled":true},"in2DMode":false,"pivot":{"x":12.531447410583496,"y":0.6987355351448059,"z":-3.4481868743896486},"rotation":{"x":-0.003426757175475359,"y":0.9946852922439575,"z":-0.0991010069847107,"w":-0.03243401646614075},"size":0.3760296404361725,"orthographic":false}